{
  "JAVA" : {
    "transaction" : "JAVA",
    "sampleCount" : 400,
    "errorCount" : 400,
    "errorPct" : 100.0,
    "meanResTime" : 0.44000000000000117,
    "medianResTime" : 0.0,
    "minResTime" : 0.0,
    "maxResTime" : 31.0,
    "pct1ResTime" : 1.0,
    "pct2ResTime" : 1.0,
    "pct3ResTime" : 11.970000000000027,
    "throughput" : 2.8431909131618416,
    "receivedKBytesPerSec" : 6.008462046955297,
    "sentKBytesPerSec" : 0.0
  },
  "JAVASCRIPT" : {
    "transaction" : "JAVASCRIPT",
    "sampleCount" : 400,
    "errorCount" : 400,
    "errorPct" : 100.0,
    "meanResTime" : 0.19000000000000017,
    "medianResTime" : 0.0,
    "minResTime" : 0.0,
    "maxResTime" : 5.0,
    "pct1ResTime" : 1.0,
    "pct2ResTime" : 1.0,
    "pct3ResTime" : 2.0,
    "throughput" : 2.8433323855558714,
    "receivedKBytesPerSec" : 6.0087610179129936,
    "sentKBytesPerSec" : 0.0
  },
  "FROMULAS-0" : {
    "transaction" : "FROMULAS-0",
    "sampleCount" : 400,
    "errorCount" : 0,
    "errorPct" : 0.0,
    "meanResTime" : 895.4150000000005,
    "medianResTime" : 768.5,
    "minResTime" : 294.0,
    "maxResTime" : 3638.0,
    "pct1ResTime" : 1400.7,
    "pct2ResTime" : 1854.4499999999996,
    "pct3ResTime" : 3463.6100000000006,
    "throughput" : 2.0376974019358127,
    "receivedKBytesPerSec" : 0.7561767702496179,
    "sentKBytesPerSec" : 0.27660150280183393
  },
  "NEW" : {
    "transaction" : "NEW",
    "sampleCount" : 400,
    "errorCount" : 400,
    "errorPct" : 100.0,
    "meanResTime" : 330.8175,
    "medianResTime" : 0.0,
    "minResTime" : 0.0,
    "maxResTime" : 11863.0,
    "pct1ResTime" : 1.0,
    "pct2ResTime" : 1.0,
    "pct3ResTime" : 11856.99,
    "throughput" : 2.843251542463962,
    "receivedKBytesPerSec" : 6.0357454472434675,
    "sentKBytesPerSec" : 0.0
  },
  "FROMULAS-1" : {
    "transaction" : "FROMULAS-1",
    "sampleCount" : 400,
    "errorCount" : 0,
    "errorPct" : 0.0,
    "meanResTime" : 998.4825000000004,
    "medianResTime" : 795.0,
    "minResTime" : 303.0,
    "maxResTime" : 8650.0,
    "pct1ResTime" : 1821.800000000002,
    "pct2ResTime" : 2709.7999999999997,
    "pct3ResTime" : 4219.880000000001,
    "throughput" : 2.0699219639419595,
    "receivedKBytesPerSec" : 46.817834577011446,
    "sentKBytesPerSec" : 0.28906136801142596
  },
  "CATS" : {
    "transaction" : "CATS",
    "sampleCount" : 400,
    "errorCount" : 400,
    "errorPct" : 100.0,
    "meanResTime" : 0.1575,
    "medianResTime" : 0.0,
    "minResTime" : 0.0,
    "maxResTime" : 1.0,
    "pct1ResTime" : 1.0,
    "pct2ResTime" : 1.0,
    "pct3ResTime" : 1.0,
    "throughput" : 9.061459348028,
    "receivedKBytesPerSec" : 19.18480846340303,
    "sentKBytesPerSec" : 0.0
  },
  "Practice test login excercise" : {
    "transaction" : "Practice test login excercise",
    "sampleCount" : 400,
    "errorCount" : 400,
    "errorPct" : 100.0,
    "meanResTime" : 3067.23,
    "medianResTime" : 0.0,
    "minResTime" : 0.0,
    "maxResTime" : 87714.0,
    "pct1ResTime" : 16513.000000000175,
    "pct2ResTime" : 27963.75,
    "pct3ResTime" : 79814.44000000035,
    "throughput" : 1.7930304904834908,
    "receivedKBytesPerSec" : 3.9865511506773172,
    "sentKBytesPerSec" : 0.0
  },
  "Practice Test Exception" : {
    "transaction" : "Practice Test Exception",
    "sampleCount" : 400,
    "errorCount" : 400,
    "errorPct" : 100.0,
    "meanResTime" : 2034.4750000000026,
    "medianResTime" : 0.0,
    "minResTime" : 0.0,
    "maxResTime" : 28263.0,
    "pct1ResTime" : 14320.000000000542,
    "pct2ResTime" : 18017.0,
    "pct3ResTime" : 25492.480000000003,
    "throughput" : 2.0814903470885158,
    "receivedKBytesPerSec" : 4.617900166519228,
    "sentKBytesPerSec" : 0.0
  },
  "VITAMINS&SUPPLEMENTS" : {
    "transaction" : "VITAMINS&SUPPLEMENTS",
    "sampleCount" : 400,
    "errorCount" : 400,
    "errorPct" : 100.0,
    "meanResTime" : 0.22,
    "medianResTime" : 0.0,
    "minResTime" : 0.0,
    "maxResTime" : 18.0,
    "pct1ResTime" : 1.0,
    "pct2ResTime" : 1.0,
    "pct3ResTime" : 1.0,
    "throughput" : 2.8433121743519023,
    "receivedKBytesPerSec" : 6.019824994135668,
    "sentKBytesPerSec" : 0.0
  },
  "CURRENCYCONVERTER" : {
    "transaction" : "CURRENCYCONVERTER",
    "sampleCount" : 400,
    "errorCount" : 0,
    "errorPct" : 0.0,
    "meanResTime" : 1811.2650000000003,
    "medianResTime" : 1582.0,
    "minResTime" : 673.0,
    "maxResTime" : 10762.0,
    "pct1ResTime" : 2714.800000000002,
    "pct2ResTime" : 3578.6,
    "pct3ResTime" : 6497.420000000004,
    "throughput" : 2.0830295581894305,
    "receivedKBytesPerSec" : 41.04829438935989,
    "sentKBytesPerSec" : 0.6143309829816486
  },
  "Practice" : {
    "transaction" : "Practice",
    "sampleCount" : 400,
    "errorCount" : 392,
    "errorPct" : 98.0,
    "meanResTime" : 2746.8024999999952,
    "medianResTime" : 0.0,
    "minResTime" : 0.0,
    "maxResTime" : 32449.0,
    "pct1ResTime" : 16514.700000000004,
    "pct2ResTime" : 22035.499999999953,
    "pct3ResTime" : 28491.99,
    "throughput" : 1.4987841113896352,
    "receivedKBytesPerSec" : 6.907605433607611,
    "sentKBytesPerSec" : 0.004010418423054297
  },
  "Courses" : {
    "transaction" : "Courses",
    "sampleCount" : 400,
    "errorCount" : 394,
    "errorPct" : 98.5,
    "meanResTime" : 2972.894999999999,
    "medianResTime" : 0.0,
    "minResTime" : 0.0,
    "maxResTime" : 70030.0,
    "pct1ResTime" : 16881.800000000025,
    "pct2ResTime" : 22937.0,
    "pct3ResTime" : 39983.85000000001,
    "throughput" : 1.5493366902294954,
    "receivedKBytesPerSec" : 6.992074023191633,
    "sentKBytesPerSec" : 0.003086569187566573
  },
  "INDEX-1" : {
    "transaction" : "INDEX-1",
    "sampleCount" : 400,
    "errorCount" : 0,
    "errorPct" : 0.0,
    "meanResTime" : 2417.120000000001,
    "medianResTime" : 844.0,
    "minResTime" : 298.0,
    "maxResTime" : 48008.0,
    "pct1ResTime" : 2638.4000000000015,
    "pct2ResTime" : 13734.349999999948,
    "pct3ResTime" : 47590.11,
    "throughput" : 1.5287714792392835,
    "receivedKBytesPerSec" : 72.02991949107196,
    "sentKBytesPerSec" : 0.20005408029107807
  },
  "INDEX-0" : {
    "transaction" : "INDEX-0",
    "sampleCount" : 400,
    "errorCount" : 0,
    "errorPct" : 0.0,
    "meanResTime" : 6105.927499999994,
    "medianResTime" : 774.5,
    "minResTime" : 302.0,
    "maxResTime" : 162195.0,
    "pct1ResTime" : 2177.1000000000004,
    "pct2ResTime" : 60297.89999999932,
    "pct3ResTime" : 159998.43,
    "throughput" : 0.9462416464604648,
    "receivedKBytesPerSec" : 0.3428277840203442,
    "sentKBytesPerSec" : 0.1201283340233012
  },
  "DOGS" : {
    "transaction" : "DOGS",
    "sampleCount" : 400,
    "errorCount" : 397,
    "errorPct" : 99.25,
    "meanResTime" : 854.3524999999997,
    "medianResTime" : 0.0,
    "minResTime" : 0.0,
    "maxResTime" : 74900.0,
    "pct1ResTime" : 1.0,
    "pct2ResTime" : 1.0,
    "pct3ResTime" : 64077.92000000001,
    "throughput" : 4.074564530915758,
    "receivedKBytesPerSec" : 8.723278576067026,
    "sentKBytesPerSec" : 0.005222525338698177
  },
  "HOME-0" : {
    "transaction" : "HOME-0",
    "sampleCount" : 430,
    "errorCount" : 0,
    "errorPct" : 0.0,
    "meanResTime" : 2983.188372093024,
    "medianResTime" : 775.5,
    "minResTime" : 297.0,
    "maxResTime" : 56089.0,
    "pct1ResTime" : 2988.8000000000043,
    "pct2ResTime" : 23867.749999999996,
    "pct3ResTime" : 46313.73999999999,
    "throughput" : 0.822524154473862,
    "receivedKBytesPerSec" : 0.293072798408894,
    "sentKBytesPerSec" : 0.09719279559700908
  },
  "HOME-1" : {
    "transaction" : "HOME-1",
    "sampleCount" : 430,
    "errorCount" : 41,
    "errorPct" : 9.5348835,
    "meanResTime" : 10667.02325581395,
    "medianResTime" : 1168.5,
    "minResTime" : 296.0,
    "maxResTime" : 186963.0,
    "pct1ResTime" : 31650.400000000005,
    "pct2ResTime" : 35972.7,
    "pct3ResTime" : 183005.91,
    "throughput" : 0.8247770704302075,
    "receivedKBytesPerSec" : 34.772645869856895,