{
  "CATS" : {
    "transaction" : "CATS",
    "sampleCount" : 400,
    "errorCount" : 0,
    "errorPct" : 0.0,
    "meanResTime" : 1570.1099999999994,
    "medianResTime" : 1285.0,
    "minResTime" : 244.0,
    "maxResTime" : 10432.0,
    "pct1ResTime" : 2034.0000000000018,
    "pct2ResTime" : 3310.4999999999986,
    "pct3ResTime" : 7962.470000000018,
    "throughput" : 2.4752781593831608,
    "receivedKBytesPerSec" : 10.309630224383964,
    "sentKBytesPerSec" : 0.4230211698164581
  },
  "Total" : {
    "transaction" : "Total",
    "sampleCount" : 2000,
    "errorCount" : 0,
    "errorPct" : 0.0,
    "meanResTime" : 1604.8999999999958,
    "medianResTime" : 1282.0,
    "minResTime" : 241.0,
    "maxResTime" : 10432.0,
    "pct1ResTime" : 2262.0,
    "pct2ResTime" : 3354.0,
    "pct3ResTime" : 7677.760000000001,
    "throughput" : 11.64679916841854,
    "receivedKBytesPerSec" : 54.162165664071374,
    "sentKBytesPerSec" : 1.9312758777319023
  },
  "DOGS" : {
    "transaction" : "DOGS",
    "sampleCount" : 400,
    "errorCount" : 0,
    "errorPct" : 0.0,
    "meanResTime" : 1557.897500000001,
    "medianResTime" : 1282.0,
    "minResTime" : 241.0,
    "maxResTime" : 7984.0,
    "pct1ResTime" : 2054.5,
    "pct2ResTime" : 3209.6,
    "pct3ResTime" : 7195.050000000015,
    "throughput" : 2.470798253145635,
    "receivedKBytesPerSec" : 12.042728595165883,
    "sentKBytesPerSec" : 0.4222555608403185
  },
  "FISH" : {
    "transaction" : "FISH",
    "sampleCount" : 400,
    "errorCount" : 0,
    "errorPct" : 0.0,
    "meanResTime" : 1565.3649999999998,
    "medianResTime" : 1282.0,
    "minResTime" : 245.0,
    "maxResTime" : 7983.0,
    "pct1ResTime" : 2262.600000000003,
    "pct2ResTime" : 3203.0,
    "pct3ResTime" : 6887.290000000009,
    "throughput" : 2.458074467365989,
    "receivedKBytesPerSec" : 11.087740199964356,
    "sentKBytesPerSec" : 0.4200810857314922
  },
  "REPTILES" : {
    "transaction" : "REPTILES",
    "sampleCount" : 400,
    "errorCount" : 0,
    "errorPct" : 0.0,
    "meanResTime" : 1545.1675000000005,
    "medianResTime" : 1281.0,
    "minResTime" : 245.0,
    "maxResTime" : 9754.0,
    "pct1ResTime" : 2058.4,
    "pct2ResTime" : 3319.5499999999984,
    "pct3ResTime" : 5919.180000000009,
    "throughput" : 2.4680388962930055,
    "receivedKBytesPerSec" : 10.29393957623772,
    "sentKBytesPerSec" : 0.43142476800434376
  },
  "HOme" : {
    "transaction" : "HOme",
    "sampleCount" : 400,
    "errorCount" : 0,
    "errorPct" : 0.0,
    "meanResTime" : 1785.96,
    "medianResTime" : 1281.0,
    "minResTime" : 243.0,
    "maxResTime" : 9989.0,
    "pct1ResTime" : 2567.7000000000003,
    "pct2ResTime" : 5392.849999999997,
    "pct3ResTime" : 8768.720000000001,
    "throughput" : 2.3798899300907332,
    "receivedKBytesPerSec" : 13.16376617581437,
    "sentKBytesPerSec" : 0.33699613267886364
  }
}